pollutant,horizon_h,feature,importance
CO(GT),1,PT08.S1(CO),0.180146292920018
CO(GT),1,PT08.S2(NMHC),0.29376197958765143
CO(GT),1,PT08.S3(NOx),0.009074525348401034
CO(GT),1,PT08.S4(NO2),0.003353372707204255
CO(GT),1,PT08.S5(O3),0.013813816348652967
CO(GT),1,T,0.00546363965248632
CO(GT),1,RH,0.003915580221717009
CO(GT),1,AH,0.0032293741839754427
CO(GT),1,Hour,0.017045219716732396
CO(GT),1,Day,0.0013713900328117979
CO(GT),1,Month,0.0004930760059103383
CO(GT),1,hour,0.015369976560171856
CO(GT),1,dayofweek,0.0014079843276876656
CO(GT),1,month,0.0007268232025726436
CO(GT),1,is_weekend,0.0010913258544773187
CO(GT),1,hour_sin,0.015851890318579965
CO(GT),1,hour_cos,0.01148913511961615
CO(GT),1,dow_sin,0.00211083161260244
CO(GT),1,dow_cos,0.0008347203802027818
CO(GT),1,month_sin,0.0006300434261788229
CO(GT),1,month_cos,0.00135198783018621
CO(GT),1,CO(GT)_lag1,0.14168952496395293
CO(GT),1,CO(GT)_lag6,0.00323820080109713
CO(GT),1,CO(GT)_lag12,0.006361689138605062
CO(GT),1,CO(GT)_lag24,0.0041626038415129825
CO(GT),1,C6H6(GT)_lag1,0.002682477136496401
CO(GT),1,C6H6(GT)_lag6,0.000910333145087121
CO(GT),1,C6H6(GT)_lag12,0.0020888703939981397
CO(GT),1,C6H6(GT)_lag24,0.0010355085358171065
CO(GT),1,NOx(GT)_lag1,0.01008394342961188
CO(GT),1,NOx(GT)_lag6,0.0052124203417954415
CO(GT),1,NOx(GT)_lag12,0.0028948616314920564
CO(GT),1,NOx(GT)_lag24,0.00430149890432767
CO(GT),1,NO2(GT)_lag1,0.004773713780771684
CO(GT),1,NO2(GT)_lag6,0.004043905558948996
CO(GT),1,NO2(GT)_lag12,0.004785489229818807
CO(GT),1,NO2(GT)_lag24,0.003934880912869177
CO(GT),1,PT08.S1(CO)_lag1,0.004957815877245828
CO(GT),1,PT08.S1(CO)_lag6,0.001975948461817404
CO(GT),1,PT08.S1(CO)_lag12,0.0034149273084916458
CO(GT),1,PT08.S1(CO)_lag24,0.002494522272350342
CO(GT),1,PT08.S2(NMHC)_lag1,0.0037636031645109876
CO(GT),1,PT08.S2(NMHC)_lag6,0.001347835139966931
CO(GT),1,PT08.S2(NMHC)_lag12,0.002763401706383287
CO(GT),1,PT08.S2(NMHC)_lag24,0.001330029514119474
CO(GT),1,PT08.S3(NOx)_lag1,0.0036250020780430863
CO(GT),1,PT08.S3(NOx)_lag6,0.0021105351508237
CO(GT),1,PT08.S3(NOx)_lag12,0.002739413950279295
CO(GT),1,PT08.S3(NOx)_lag24,0.002299679304276747
CO(GT),1,PT08.S4(NO2)_lag1,0.008770935281225458
CO(GT),1,PT08.S4(NO2)_lag6,0.002151177732923288
CO(GT),1,PT08.S4(NO2)_lag12,0.014846861689815301
CO(GT),1,PT08.S4(NO2)_lag24,0.002404504277415032
CO(GT),1,PT08.S5(O3)_lag1,0.004386648560103088
CO(GT),1,PT08.S5(O3)_lag6,0.003538045090129484
CO(GT),1,PT08.S5(O3)_lag12,0.0036652148192785525
CO(GT),1,PT08.S5(O3)_lag24,0.0019096258172417746
CO(GT),1,CO(GT)_roll_mean_6h,0.013940159844907558
CO(GT),1,CO(GT)_roll_std_6h,0.059624109872453014
CO(GT),1,CO(GT)_roll_mean_24h,0.011654452834904504
CO(GT),1,CO(GT)_roll_std_24h,0.004448143750075812
CO(GT),1,C6H6(GT)_roll_mean_6h,0.003436004858613764
CO(GT),1,C6H6(GT)_roll_std_6h,0.004324160185992706
CO(GT),1,C6H6(GT)_roll_mean_24h,0.002918597389486496
CO(GT),1,C6H6(GT)_roll_std_24h,0.002976619133536294
CO(GT),1,NOx(GT)_roll_mean_6h,0.007436758656555384
CO(GT),1,NOx(GT)_roll_std_6h,0.004704351510477501
CO(GT),1,NOx(GT)_roll_mean_24h,0.003301361583225115
CO(GT),1,NOx(GT)_roll_std_24h,0.005134070777760299
CO(GT),1,NO2(GT)_roll_mean_6h,0.0037917852554362227
CO(GT),1,NO2(GT)_roll_std_6h,0.0058445069177874955
CO(GT),1,NO2(GT)_roll_mean_24h,0.003387081094756558
CO(GT),1,NO2(GT)_roll_std_24h,0.003849202033551189
C6H6(GT),1,PT08.S1(CO),0.003304453583075095
C6H6(GT),1,PT08.S2(NMHC),0.7341439213791098
C6H6(GT),1,PT08.S3(NOx),0.008240607771363623
C6H6(GT),1,PT08.S4(NO2),0.002702065915328487
C6H6(GT),1,PT08.S5(O3),0.0038681471996184825
C6H6(GT),1,T,0.0033024518584210826
C6H6(GT),1,RH,0.003928748759936235
C6H6(GT),1,AH,0.0023060768702111386
C6H6(GT),1,Hour,0.007115014692343623
C6H6(GT),1,Day,0.0019885705872411943
C6H6(GT),1,Month,0.00030960226479540275
C6H6(GT),1,hour,0.006842032295658013
C6H6(GT),1,dayofweek,0.0017336659088995079
C6H6(GT),1,month,0.00028407770902342047
C6H6(GT),1,is_weekend,0.002287145587597272
C6H6(GT),1,hour_sin,0.03984361478354892
C6H6(GT),1,hour_cos,0.016973975464411768
C6H6(GT),1,dow_sin,0.0019197457705672192
C6H6(GT),1,dow_cos,0.0004147657548759345
C6H6(GT),1,month_sin,0.0005029887787349108
C6H6(GT),1,month_cos,0.0004923608806486459
C6H6(GT),1,CO(GT)_lag1,0.0016966466789678782
C6H6(GT),1,CO(GT)_lag6,0.001690797608852659
C6H6(GT),1,CO(GT)_lag12,0.0022968744374748814
C6H6(GT),1,CO(GT)_lag24,0.0017951684236592982
C6H6(GT),1,C6H6(GT)_lag1,0.006949659212894722
C6H6(GT),1,C6H6(GT)_lag6,0.0011849489452775816
C6H6(GT),1,C6H6(GT)_lag12,0.004416364842392592
C6H6(GT),1,C6H6(GT)_lag24,0.001034420791359111
C6H6(GT),1,NOx(GT)_lag1,0.00208504537954858
C6H6(GT),1,NOx(GT)_lag6,0.002889465734608756
C6H6(GT),1,NOx(GT)_lag12,0.0017839277783207124
C6H6(GT),1,NOx(GT)_lag24,0.0019295723675046563
C6H6(GT),1,NO2(GT)_lag1,0.0021575534334820046
C6H6(GT),1,NO2(GT)_lag6,0.002200672130963302
C6H6(GT),1,NO2(GT)_lag12,0.003001760015538522
C6H6(GT),1,NO2(GT)_lag24,0.002031012340380032
C6H6(GT),1,PT08.S1(CO)_lag1,0.002775086113931177
C6H6(GT),1,PT08.S1(CO)_lag6,0.0026288634784629584
C6H6(GT),1,PT08.S1(CO)_lag12,0.004390392978650455
C6H6(GT),1,PT08.S1(CO)_lag24,0.0021050768346699655
C6H6(GT),1,PT08.S2(NMHC)_lag1,0.009672759051259049
C6H6(GT),1,PT08.S2(NMHC)_lag6,0.0012625086049918345
C6H6(GT),1,PT08.S2(NMHC)_lag12,0.005832650583955399
C6H6(GT),1,PT08.S2(NMHC)_lag24,0.001464325365173562
C6H6(GT),1,PT08.S3(NOx)_lag1,0.002929769289902976
C6H6(GT),1,PT08.S3(NOx)_lag6,0.002387810215875315
C6H6(GT),1,PT08.S3(NOx)_lag12,0.002582633831012826
C6H6(GT),1,PT08.S3(NOx)_lag24,0.0019948954442116536
C6H6(GT),1,PT08.S4(NO2)_lag1,0.006042155456777635
C6H6(GT),1,PT08.S4(NO2)_lag6,0.0023562423603476195
C6H6(GT),1,PT08.S4(NO2)_lag12,0.004806411430371414
C6H6(GT),1,PT08.S4(NO2)_lag24,0.0020626585445848744
C6H6(GT),1,PT08.S5(O3)_lag1,0.002539042077541795
C6H6(GT),1,PT08.S5(O3)_lag6,0.010372666135680289
C6H6(GT),1,PT08.S5(O3)_lag12,0.003189814738764355
C6H6(GT),1,PT08.S5(O3)_lag24,0.0017652586000351362
C6H6(GT),1,CO(GT)_roll_mean_6h,0.002282122331573747
C6H6(GT),1,CO(GT)_roll_std_6h,0.0023240795790071597
C6H6(GT),1,CO(GT)_roll_mean_24h,0.002130799607223471
C6H6(GT),1,CO(GT)_roll_std_24h,0.0019127064519633534
C6H6(GT),1,C6H6(GT)_roll_mean_6h,0.005208036348104032
C6H6(GT),1,C6H6(GT)_roll_std_6h,0.005537606189646288
C6H6(GT),1,C6H6(GT)_roll_mean_24h,0.0036418585793885046
C6H6(GT),1,C6H6(GT)_roll_std_24h,0.0046227989401108035
C6H6(GT),1,NOx(GT)_roll_mean_6h,0.0021195720688092653
C6H6(GT),1,NOx(GT)_roll_std_6h,0.0025387692075753295
C6H6(GT),1,NOx(GT)_roll_mean_24h,0.002026317392438772
C6H6(GT),1,NOx(GT)_roll_std_24h,0.0017233882419230133
C6H6(GT),1,NO2(GT)_roll_mean_6h,0.0018707771198789725
C6H6(GT),1,NO2(GT)_roll_std_6h,0.0030732222211048345
C6H6(GT),1,NO2(GT)_roll_mean_24h,0.002286724827465016
C6H6(GT),1,NO2(GT)_roll_std_24h,0.0018922758209520614
NOx(GT),1,PT08.S1(CO),0.020432427562904143
NOx(GT),1,PT08.S2(NMHC),0.023105489408311437
NOx(GT),1,PT08.S3(NOx),0.009423122172412627
NOx(GT),1,PT08.S4(NO2),0.0025554134413795643
NOx(GT),1,PT08.S5(O3),0.013278869233235851
NOx(GT),1,T,0.005910317420606133
NOx(GT),1,RH,0.0036624081042571158
NOx(GT),1,AH,0.004615122267777827
NOx(GT),1,Hour,0.0034775838175609953
NOx(GT),1,Day,0.0007380019725029244
NOx(GT),1,Month,0.002374388623970918
NOx(GT),1,hour,0.003109259123401454
NOx(GT),1,dayofweek,0.0007726124829817659
NOx(GT),1,month,0.0023329647823674598
NOx(GT),1,is_weekend,0.0005193055158959318
NOx(GT),1,hour_sin,0.015922571305497794
NOx(GT),1,hour_cos,0.019776538203155312
NOx(GT),1,dow_sin,0.001152744398059572
NOx(GT),1,dow_cos,0.0005146524434746456
NOx(GT),1,month_sin,0.0006541525061379902
NOx(GT),1,month_cos,0.0007948705553810701
NOx(GT),1,CO(GT)_lag1,0.005434009301476424
NOx(GT),1,CO(GT)_lag6,0.0016061343951928111
NOx(GT),1,CO(GT)_lag12,0.009011445453698898
NOx(GT),1,CO(GT)_lag24,0.0012068335020370738
NOx(GT),1,C6H6(GT)_lag1,0.001327424094789144
NOx(GT),1,C6H6(GT)_lag6,0.0006447804711379521
NOx(GT),1,C6H6(GT)_lag12,0.001166181655363691
NOx(GT),1,C6H6(GT)_lag24,0.0006581564391556432
NOx(GT),1,NOx(GT)_lag1,0.6782462633892978
NOx(GT),1,NOx(GT)_lag6,0.005435567886806005
NOx(GT),1,NOx(GT)_lag12,0.006668598049420188
NOx(GT),1,NOx(GT)_lag24,0.01411792160527235
NOx(GT),1,NO2(GT)_lag1,0.0026740034108293778
NOx(GT),1,NO2(GT)_lag6,0.0029961263770020273
NOx(GT),1,NO2(GT)_lag12,0.00435390787686782
NOx(GT),1,NO2(GT)_lag24,0.002367205789544275
NOx(GT),1,PT08.S1(CO)_lag1,0.002844383344942532
NOx(GT),1,PT08.S1(CO)_lag6,0.001718335223855304
NOx(GT),1,PT08.S1(CO)_lag12,0.0018557026296761505
NOx(GT),1,PT08.S1(CO)_lag24,0.0013434404299269465
NOx(GT),1,PT08.S2(NMHC)_lag1,0.0015003141646813154
NOx(GT),1,PT08.S2(NMHC)_lag6,0.000763984172976485
NOx(GT),1,PT08.S2(NMHC)_lag12,0.0015739592562549495
NOx(GT),1,PT08.S2(NMHC)_lag24,0.0007339074962367358
NOx(GT),1,PT08.S3(NOx)_lag1,0.0023128334358148393
NOx(GT),1,PT08.S3(NOx)_lag6,0.0014680608802897
NOx(GT),1,PT08.S3(NOx)_lag12,0.002190974024406559
NOx(GT),1,PT08.S3(NOx)_lag24,0.0015951024688553648
NOx(GT),1,PT08.S4(NO2)_lag1,0.004565884854677421
NOx(GT),1,PT08.S4(NO2)_lag6,0.003101585739707294
NOx(GT),1,PT08.S4(NO2)_lag12,0.004860691127249538
NOx(GT),1,PT08.S4(NO2)_lag24,0.0016856240543326767
NOx(GT),1,PT08.S5(O3)_lag1,0.0029929344910177742
NOx(GT),1,PT08.S5(O3)_lag6,0.001622613480956782
NOx(GT),1,PT08.S5(O3)_lag12,0.0016817573442627328
NOx(GT),1,PT08.S5(O3)_lag24,0.0013020082078097261
NOx(GT),1,CO(GT)_roll_mean_6h,0.004545108391929703
NOx(GT),1,CO(GT)_roll_std_6h,0.006596703451875287
NOx(GT),1,CO(GT)_roll_mean_24h,0.0017453136536912342
NOx(GT),1,CO(GT)_roll_std_24h,0.0037414456163732198
NOx(GT),1,C6H6(GT)_roll_mean_6h,0.0024864210977155613
NOx(GT),1,C6H6(GT)_roll_std_6h,0.0018014350713694283
NOx(GT),1,C6H6(GT)_roll_mean_24h,0.0015978296187137786
NOx(GT),1,C6H6(GT)_roll_std_24h,0.0023107277330191847
NOx(GT),1,NOx(GT)_roll_mean_6h,0.004891811928022496
NOx(GT),1,NOx(GT)_roll_std_6h,0.0170773951523957
NOx(GT),1,NOx(GT)_roll_mean_24h,0.014620964797512582
NOx(GT),1,NOx(GT)_roll_std_24h,0.008082267103372006
NOx(GT),1,NO2(GT)_roll_mean_6h,0.0032583413480153107
NOx(GT),1,NO2(GT)_roll_std_6h,0.007414275006830153
NOx(GT),1,NO2(GT)_roll_mean_24h,0.002260578577346469
NOx(GT),1,NO2(GT)_roll_std_24h,0.0028179095847231813
NO2(GT),1,PT08.S1(CO),0.006900013633374729
NO2(GT),1,PT08.S2(NMHC),0.042892739045663125
NO2(GT),1,PT08.S3(NOx),0.009888074520983116
NO2(GT),1,PT08.S4(NO2),0.002908003443403551
NO2(GT),1,PT08.S5(O3),0.013073743587441473
NO2(GT),1,T,0.006042335234155659
NO2(GT),1,RH,0.003693105363160748
NO2(GT),1,AH,0.007828139624314685
NO2(GT),1,Hour,0.03140896790191624
NO2(GT),1,Day,0.0013613082179721855
NO2(GT),1,Month,0.0009569064229688929
NO2(GT),1,hour,0.03489363505964486
NO2(GT),1,dayofweek,0.001287442843630047
NO2(GT),1,month,0.0007423069252658933
NO2(GT),1,is_weekend,0.00047341187436249297
NO2(GT),1,hour_sin,0.003652402252168446
NO2(GT),1,hour_cos,0.03929070171096894
NO2(GT),1,dow_sin,0.0014300030045591142
NO2(GT),1,dow_cos,0.0006951504902457608
NO2(GT),1,month_sin,0.0009372436220111316
NO2(GT),1,month_cos,0.0013104243571137532
NO2(GT),1,CO(GT)_lag1,0.0029855346243938524
NO2(GT),1,CO(GT)_lag6,0.0019143338414300004
NO2(GT),1,CO(GT)_lag12,0.0038714904348620947
NO2(GT),1,CO(GT)_lag24,0.0020350134395297533
NO2(GT),1,C6H6(GT)_lag1,0.0013680675006528943
NO2(GT),1,C6H6(GT)_lag6,0.0009442180106532856
NO2(GT),1,C6H6(GT)_lag12,0.001233930916813255
NO2(GT),1,C6H6(GT)_lag24,0.0009890435651501754
NO2(GT),1,NOx(GT)_lag1,0.004655017784711783
NO2(GT),1,NOx(GT)_lag6,0.0030733606952784978
NO2(GT),1,NOx(GT)_lag12,0.0031898971840835888
NO2(GT),1,NOx(GT)_lag24,0.0028434314760150507
NO2(GT),1,NO2(GT)_lag1,0.551787015663851
NO2(GT),1,NO2(GT)_lag6,0.008086333461708064
NO2(GT),1,NO2(GT)_lag12,0.007726007111609169
NO2(GT),1,NO2(GT)_lag24,0.009157861839326358
NO2(GT),1,PT08.S1(CO)_lag1,0.0031224231957152674
NO2(GT),1,PT08.S1(CO)_lag6,0.0022026955208640318
NO2(GT),1,PT08.S1(CO)_lag12,0.0025968320697328327
NO2(GT),1,PT08.S1(CO)_lag24,0.002134727369550483
NO2(GT),1,PT08.S2(NMHC)_lag1,0.0018189802498973068
NO2(GT),1,PT08.S2(NMHC)_lag6,0.0011088136813701649
NO2(GT),1,PT08.S2(NMHC)_lag12,0.0016337566771717673
NO2(GT),1,PT08.S2(NMHC)_lag24,0.0013115691800545228
NO2(GT),1,PT08.S3(NOx)_lag1,0.003175554072798586
NO2(GT),1,PT08.S3(NOx)_lag6,0.002141018271707702
NO2(GT),1,PT08.S3(NOx)_lag12,0.002526177342457245
NO2(GT),1,PT08.S3(NOx)_lag24,0.002349418967016851
NO2(GT),1,PT08.S4(NO2)_lag1,0.005482781680006002
NO2(GT),1,PT08.S4(NO2)_lag6,0.0053411710302272986
NO2(GT),1,PT08.S4(NO2)_lag12,0.006710888442247055
NO2(GT),1,PT08.S4(NO2)_lag24,0.003371466835332417
NO2(GT),1,PT08.S5(O3)_lag1,0.0032680190500906196
NO2(GT),1,PT08.S5(O3)_lag6,0.0020476585793249374
NO2(GT),1,PT08.S5(O3)_lag12,0.002085066119968581
NO2(GT),1,PT08.S5(O3)_lag24,0.0018680436720801942
NO2(GT),1,CO(GT)_roll_mean_6h,0.0034262076327066008
NO2(GT),1,CO(GT)_roll_std_6h,0.004398091149438823
NO2(GT),1,CO(GT)_roll_mean_24h,0.0021657543592357377
NO2(GT),1,CO(GT)_roll_std_24h,0.0021410785513764677
NO2(GT),1,C6H6(GT)_roll_mean_6h,0.0032605533783321987
NO2(GT),1,C6H6(GT)_roll_std_6h,0.0032478479887173744
NO2(GT),1,C6H6(GT)_roll_mean_24h,0.0019937649133941774
NO2(GT),1,C6H6(GT)_roll_std_24h,0.0022769302124197475
NO2(GT),1,NOx(GT)_roll_mean_6h,0.004355228161003195
NO2(GT),1,NOx(GT)_roll_std_6h,0.012279328770105558
NO2(GT),1,NOx(GT)_roll_mean_24h,0.0036697141299343395
NO2(GT),1,NOx(GT)_roll_std_24h,0.0047911137373894816
NO2(GT),1,NO2(GT)_roll_mean_6h,0.015252984933756666
NO2(GT),1,NO2(GT)_roll_std_6h,0.021564938909439647
NO2(GT),1,NO2(GT)_roll_mean_24h,0.029285456112284166
NO2(GT),1,NO2(GT)_roll_std_24h,0.012067328367458356
CO(GT),6,PT08.S1(CO),0.006818306919566228
CO(GT),6,PT08.S2(NMHC),0.004853692104220408
CO(GT),6,PT08.S3(NOx),0.008642040769016274
CO(GT),6,PT08.S4(NO2),0.004056455919324745
CO(GT),6,PT08.S5(O3),0.010339949224022206
CO(GT),6,T,0.009237351328682369
CO(GT),6,RH,0.011167895993319467
CO(GT),6,AH,0.009550600172287012
CO(GT),6,Hour,0.07331616199844586
CO(GT),6,Day,0.006503318239008142
CO(GT),6,Month,0.0013155630817019853
CO(GT),6,hour,0.07495527660491125
CO(GT),6,dayofweek,0.0067401251107657
CO(GT),6,month,0.0014527259902305848
CO(GT),6,is_weekend,0.008347102261539917
CO(GT),6,hour_sin,0.012364775983241144
CO(GT),6,hour_cos,0.08343175006982399
CO(GT),6,dow_sin,0.006258140408344129
CO(GT),6,dow_cos,0.0030596475889092074
CO(GT),6,month_sin,0.002091766778087638
CO(GT),6,month_cos,0.0076226684048114664
CO(GT),6,CO(GT)_lag1,0.013674754116180356
CO(GT),6,CO(GT)_lag6,0.008507661167788116
CO(GT),6,CO(GT)_lag12,0.005618531452965358
CO(GT),6,CO(GT)_lag24,0.004315283756950189
CO(GT),6,C6H6(GT)_lag1,0.0017146299358783569
CO(GT),6,C6H6(GT)_lag6,0.0019334314232762012
CO(GT),6,C6H6(GT)_lag12,0.002080050664960233
CO(GT),6,C6H6(GT)_lag24,0.0029259674792955787
CO(GT),6,NOx(GT)_lag1,0.02035642999170224
CO(GT),6,NOx(GT)_lag6,0.010213727823452272
CO(GT),6,NOx(GT)_lag12,0.006157285630317375
CO(GT),6,NOx(GT)_lag24,0.00838183140938354
CO(GT),6,NO2(GT)_lag1,0.009089779092958909
CO(GT),6,NO2(GT)_lag6,0.009144437834071394
CO(GT),6,NO2(GT)_lag12,0.007679243245065046
CO(GT),6,NO2(GT)_lag24,0.013054807727811934
CO(GT),6,PT08.S1(CO)_lag1,0.004308442030799947
CO(GT),6,PT08.S1(CO)_lag6,0.005424179628163921
CO(GT),6,PT08.S1(CO)_lag12,0.004698836368402323
CO(GT),6,PT08.S1(CO)_lag24,0.004505419411781573
CO(GT),6,PT08.S2(NMHC)_lag1,0.002504217668140028
CO(GT),6,PT08.S2(NMHC)_lag6,0.0026964799875056978
CO(GT),6,PT08.S2(NMHC)_lag12,0.0027894935826710547
CO(GT),6,PT08.S2(NMHC)_lag24,0.004387575928622567
CO(GT),6,PT08.S3(NOx)_lag1,0.004610786705259012
CO(GT),6,PT08.S3(NOx)_lag6,0.004588955744592658
CO(GT),6,PT08.S3(NOx)_lag12,0.00493338857457467
CO(GT),6,PT08.S3(NOx)_lag24,0.005458108688950938
CO(GT),6,PT08.S4(NO2)_lag1,0.00445223032736542
CO(GT),6,PT08.S4(NO2)_lag6,0.00516725488038907
CO(GT),6,PT08.S4(NO2)_lag12,0.0051538213834446634
CO(GT),6,PT08.S4(NO2)_lag24,0.005956642023779103
CO(GT),6,PT08.S5(O3)_lag1,0.006786095390256003
CO(GT),6,PT08.S5(O3)_lag6,0.004425289896580636
CO(GT),6,PT08.S5(O3)_lag12,0.004289084639874457
CO(GT),6,PT08.S5(O3)_lag24,0.006014943079804585
CO(GT),6,CO(GT)_roll_mean_6h,0.02223348768442363
CO(GT),6,CO(GT)_roll_std_6h,0.050984222222775454
CO(GT),6,CO(GT)_roll_mean_24h,0.16582241843983603
CO(GT),6,CO(GT)_roll_std_24h,0.0403269642929131
CO(GT),6,C6H6(GT)_roll_mean_6h,0.007437969899175992
CO(GT),6,C6H6(GT)_roll_std_6h,0.006311033979415585
CO(GT),6,C6H6(GT)_roll_mean_24h,0.008971919771127799
CO(GT),6,C6H6(GT)_roll_std_24h,0.011053407521411455
CO(GT),6,NOx(GT)_roll_mean_6h,0.033750415213694596
CO(GT),6,NOx(GT)_roll_std_6h,0.00920154206659619
CO(GT),6,NOx(GT)_roll_mean_24h,0.01604918101230532
CO(GT),6,NOx(GT)_roll_std_24h,0.009324007180021283
CO(GT),6,NO2(GT)_roll_mean_6h,0.009754835261016883
CO(GT),6,NO2(GT)_roll_std_6h,0.015598292996991529
CO(GT),6,NO2(GT)_roll_mean_24h,0.014156997913957338
CO(GT),6,NO2(GT)_roll_std_24h,0.008898890901062637
C6H6(GT),6,PT08.S1(CO),0.005750094705584948
C6H6(GT),6,PT08.S2(NMHC),0.019855777466552937
C6H6(GT),6,PT08.S3(NOx),0.015162204769244491
C6H6(GT),6,PT08.S4(NO2),0.0075629212114549545
C6H6(GT),6,PT08.S5(O3),0.007551769031539245
C6H6(GT),6,T,0.010574504484313933
C6H6(GT),6,RH,0.016313299630879668
C6H6(GT),6,AH,0.008836799150296955
C6H6(GT),6,Hour,0.12557249507960078
C6H6(GT),6,Day,0.009988639132613341
C6H6(GT),6,Month,0.002253276943092249
C6H6(GT),6,hour,0.10483109023125234
C6H6(GT),6,dayofweek,0.012777399787032927
C6H6(GT),6,month,0.00198633268259544
C6H6(GT),6,is_weekend,0.014564056407057662
C6H6(GT),6,hour_sin,0.017063153296804245
C6H6(GT),6,hour_cos,0.0784795068251193
C6H6(GT),6,dow_sin,0.017746069120177704
C6H6(GT),6,dow_cos,0.003055943640455523
C6H6(GT),6,month_sin,0.002104161758865152
C6H6(GT),6,month_cos,0.004481278221855194
C6H6(GT),6,CO(GT)_lag1,0.00331722202491653
C6H6(GT),6,CO(GT)_lag6,0.003635502896577971
C6H6(GT),6,CO(GT)_lag12,0.004249465220463896
C6H6(GT),6,CO(GT)_lag24,0.0046720941690309705
C6H6(GT),6,C6H6(GT)_lag1,0.002787139276642562
C6H6(GT),6,C6H6(GT)_lag6,0.0028699169847534495
C6H6(GT),6,C6H6(GT)_lag12,0.002160266631946184
C6H6(GT),6,C6H6(GT)_lag24,0.002670437161962605
C6H6(GT),6,NOx(GT)_lag1,0.006122862734196834
C6H6(GT),6,NOx(GT)_lag6,0.006153865957571006
C6H6(GT),6,NOx(GT)_lag12,0.005996197566455406
C6H6(GT),6,NOx(GT)_lag24,0.008771681156435219
C6H6(GT),6,NO2(GT)_lag1,0.00430426190840601
C6H6(GT),6,NO2(GT)_lag6,0.00690626421577919
C6H6(GT),6,NO2(GT)_lag12,0.005396204689937806
C6H6(GT),6,NO2(GT)_lag24,0.009967568038677823
C6H6(GT),6,PT08.S1(CO)_lag1,0.0038116580232696196
C6H6(GT),6,PT08.S1(CO)_lag6,0.004516644980769871
C6H6(GT),6,PT08.S1(CO)_lag12,0.0044249818818398986
C6H6(GT),6,PT08.S1(CO)_lag24,0.007453056092631863
C6H6(GT),6,PT08.S2(NMHC)_lag1,0.0032198774042649257
C6H6(GT),6,PT08.S2(NMHC)_lag6,0.004308196221015265
C6H6(GT),6,PT08.S2(NMHC)_lag12,0.0029558417182825704
C6H6(GT),6,PT08.S2(NMHC)_lag24,0.003988725790724392
C6H6(GT),6,PT08.S3(NOx)_lag1,0.007220602288688169
C6H6(GT),6,PT08.S3(NOx)_lag6,0.005589989272118846
C6H6(GT),6,PT08.S3(NOx)_lag12,0.005955737007940295
C6H6(GT),6,PT08.S3(NOx)_lag24,0.00575219545489377
C6H6(GT),6,PT08.S4(NO2)_lag1,0.0063244649194894855
C6H6(GT),6,PT08.S4(NO2)_lag6,0.007351835582916123
C6H6(GT),6,PT08.S4(NO2)_lag12,0.006578898142096511
C6H6(GT),6,PT08.S4(NO2)_lag24,0.004959432522337524
C6H6(GT),6,PT08.S5(O3)_lag1,0.0068036704752052635
C6H6(GT),6,PT08.S5(O3)_lag6,0.006008450050202293
C6H6(GT),6,PT08.S5(O3)_lag12,0.005410136638136303
C6H6(GT),6,PT08.S5(O3)_lag24,0.005824264508536406
C6H6(GT),6,CO(GT)_roll_mean_6h,0.005804741404118526
C6H6(GT),6,CO(GT)_roll_std_6h,0.005353855424685297
C6H6(GT),6,CO(GT)_roll_mean_24h,0.011124708648378993
C6H6(GT),6,CO(GT)_roll_std_24h,0.006276437596300506
C6H6(GT),6,C6H6(GT)_roll_mean_6h,0.0326086380738474
C6H6(GT),6,C6H6(GT)_roll_std_6h,0.011831661931141477
C6H6(GT),6,C6H6(GT)_roll_mean_24h,0.04020072084787695
C6H6(GT),6,C6H6(GT)_roll_std_24h,0.1316165124384317
C6H6(GT),6,NOx(GT)_roll_mean_6h,0.007915070615357494
C6H6(GT),6,NOx(GT)_roll_std_6h,0.006546516666253216
C6H6(GT),6,NOx(GT)_roll_mean_24h,0.013508804282039094
C6H6(GT),6,NOx(GT)_roll_std_24h,0.008829928715772938
C6H6(GT),6,NO2(GT)_roll_mean_6h,0.006721364454507341
C6H6(GT),6,NO2(GT)_roll_std_6h,0.00775172721665927
C6H6(GT),6,NO2(GT)_roll_mean_24h,0.021747475906721932
C6H6(GT),6,NO2(GT)_roll_std_24h,0.007211452592405977
NOx(GT),6,PT08.S1(CO),0.004078193106581298
NOx(GT),6,PT08.S2(NMHC),0.0031756875887106735
NOx(GT),6,PT08.S3(NOx),0.0035660319269345086
NOx(GT),6,PT08.S4(NO2),0.0038940076183532368
NOx(GT),6,PT08.S5(O3),0.009850543850186487
NOx(GT),6,T,0.012431404905999772
NOx(GT),6,RH,0.008437197046832174
NOx(GT),6,AH,0.0098699582874004
NOx(GT),6,Hour,0.0511933901214805
NOx(GT),6,Day,0.004439747456581049
NOx(GT),6,Month,0.13402226059947667
NOx(GT),6,hour,0.05757662455835206
NOx(GT),6,dayofweek,0.0049565431066734686
NOx(GT),6,month,0.17065509152646324
NOx(GT),6,is_weekend,0.0017027884818254283
NOx(GT),6,hour_sin,0.0029356387383455205
NOx(GT),6,hour_cos,0.01693072366367925
NOx(GT),6,dow_sin,0.005057751952022409
NOx(GT),6,dow_cos,0.0016622635637085891
NOx(GT),6,month_sin,0.001326940338799984
NOx(GT),6,month_cos,0.0013385294874782721
NOx(GT),6,CO(GT)_lag1,0.003694455420074908
NOx(GT),6,CO(GT)_lag6,0.004547399160653309
NOx(GT),6,CO(GT)_lag12,0.006594980510798262
NOx(GT),6,CO(GT)_lag24,0.009025428955187731
NOx(GT),6,C6H6(GT)_lag1,0.0008851588871022141
NOx(GT),6,C6H6(GT)_lag6,0.0010498321473794904
NOx(GT),6,C6H6(GT)_lag12,0.0011946681065148831
NOx(GT),6,C6H6(GT)_lag24,0.0023980650800303756
NOx(GT),6,NOx(GT)_lag1,0.043218552647905514
NOx(GT),6,NOx(GT)_lag6,0.0048542607551389436
NOx(GT),6,NOx(GT)_lag12,0.00593423450417281
NOx(GT),6,NOx(GT)_lag24,0.008333960714049793
NOx(GT),6,NO2(GT)_lag1,0.010304016333939037
NOx(GT),6,NO2(GT)_lag6,0.005539483200722883
NOx(GT),6,NO2(GT)_lag12,0.006184124779166431
NOx(GT),6,NO2(GT)_lag24,0.007086350977364399
NOx(GT),6,PT08.S1(CO)_lag1,0.0023799099022649437
NOx(GT),6,PT08.S1(CO)_lag6,0.0032057092091269395
NOx(GT),6,PT08.S1(CO)_lag12,0.0028434182722828914
NOx(GT),6,PT08.S1(CO)_lag24,0.0030416084283394606
NOx(GT),6,PT08.S2(NMHC)_lag1,0.0012817293672561748
NOx(GT),6,PT08.S2(NMHC)_lag6,0.0012689275220978877
NOx(GT),6,PT08.S2(NMHC)_lag12,0.0014822435593685784
NOx(GT),6,PT08.S2(NMHC)_lag24,0.0038216063553330416
NOx(GT),6,PT08.S3(NOx)_lag1,0.003091189082278673
NOx(GT),6,PT08.S3(NOx)_lag6,0.0031351528420515418
NOx(GT),6,PT08.S3(NOx)_lag12,0.002842219231236208
NOx(GT),6,PT08.S3(NOx)_lag24,0.004403612834498576
NOx(GT),6,PT08.S4(NO2)_lag1,0.0030894834845716234
NOx(GT),6,PT08.S4(NO2)_lag6,0.003580105023514742
NOx(GT),6,PT08.S4(NO2)_lag12,0.003266701962109387
NOx(GT),6,PT08.S4(NO2)_lag24,0.005148118187442958
NOx(GT),6,PT08.S5(O3)_lag1,0.006804352535951598
NOx(GT),6,PT08.S5(O3)_lag6,0.003349150828083506
NOx(GT),6,PT08.S5(O3)_lag12,0.003801498364167169
NOx(GT),6,PT08.S5(O3)_lag24,0.0035378596671980112
NOx(GT),6,CO(GT)_roll_mean_6h,0.004081199113863331
NOx(GT),6,CO(GT)_roll_std_6h,0.011224204686526138
NOx(GT),6,CO(GT)_roll_mean_24h,0.01917129911106872
NOx(GT),6,CO(GT)_roll_std_24h,0.009361832282813195
NOx(GT),6,C6H6(GT)_roll_mean_6h,0.005139901580304025
NOx(GT),6,C6H6(GT)_roll_std_6h,0.0038189469345180182
NOx(GT),6,C6H6(GT)_roll_mean_24h,0.005420384531512731
NOx(GT),6,C6H6(GT)_roll_std_24h,0.008681336925405174
NOx(GT),6,NOx(GT)_roll_mean_6h,0.015666279911829364
NOx(GT),6,NOx(GT)_roll_std_6h,0.012747788231602563
NOx(GT),6,NOx(GT)_roll_mean_24h,0.15264380406462352
NOx(GT),6,NOx(GT)_roll_std_24h,0.016780130348489384
NOx(GT),6,NO2(GT)_roll_mean_6h,0.006693285874089684
NOx(GT),6,NO2(GT)_roll_std_6h,0.014290102227292725
NOx(GT),6,NO2(GT)_roll_mean_24h,0.011335374983305975
NOx(GT),6,NO2(GT)_roll_std_24h,0.00762324242749555
NO2(GT),6,PT08.S1(CO),0.004836081067730413
NO2(GT),6,PT08.S2(NMHC),0.0038934844805923207
NO2(GT),6,PT08.S3(NOx),0.0038469842453504686
NO2(GT),6,PT08.S4(NO2),0.0036199819774057253
NO2(GT),6,PT08.S5(O3),0.0053823297932410145
NO2(GT),6,T,0.009179218707401205
NO2(GT),6,RH,0.010655336210925341
NO2(GT),6,AH,0.018960342962658656
NO2(GT),6,Hour,0.09861309923146547
NO2(GT),6,Day,0.008627376847787789
NO2(GT),6,Month,0.0014453619389324973
NO2(GT),6,hour,0.110657953086409
NO2(GT),6,dayofweek,0.010791948805977648
NO2(GT),6,month,0.0013481544008866564
NO2(GT),6,is_weekend,0.008315767195818481
NO2(GT),6,hour_sin,0.012097042598217289
NO2(GT),6,hour_cos,0.04927127948433095
NO2(GT),6,dow_sin,0.013207674442895855
NO2(GT),6,dow_cos,0.0020221654031694547
NO2(GT),6,month_sin,0.0021089752988655663
NO2(GT),6,month_cos,0.0026077383352700826
NO2(GT),6,CO(GT)_lag1,0.00570799543052419
NO2(GT),6,CO(GT)_lag6,0.005382401280515735
NO2(GT),6,CO(GT)_lag12,0.0045311982935950165
NO2(GT),6,CO(GT)_lag24,0.004222158573791334
NO2(GT),6,C6H6(GT)_lag1,0.0013091079914381092
NO2(GT),6,C6H6(GT)_lag6,0.0014256521064124961
NO2(GT),6,C6H6(GT)_lag12,0.0017200273681226923
NO2(GT),6,C6H6(GT)_lag24,0.0015950987294092783
NO2(GT),6,NOx(GT)_lag1,0.009134802588927399
NO2(GT),6,NOx(GT)_lag6,0.00530543772356153
NO2(GT),6,NOx(GT)_lag12,0.004966146383942576
NO2(GT),6,NOx(GT)_lag24,0.005115169934667904
NO2(GT),6,NO2(GT)_lag1,0.03329081436795417
NO2(GT),6,NO2(GT)_lag6,0.011772554319326039
NO2(GT),6,NO2(GT)_lag12,0.00562113975008157
NO2(GT),6,NO2(GT)_lag24,0.007465616618186252
NO2(GT),6,PT08.S1(CO)_lag1,0.0034803624561718783
NO2(GT),6,PT08.S1(CO)_lag6,0.003440050258605716
NO2(GT),6,PT08.S1(CO)_lag12,0.0035200404580618995
NO2(GT),6,PT08.S1(CO)_lag24,0.004354410928929637
NO2(GT),6,PT08.S2(NMHC)_lag1,0.0014251774768345867
NO2(GT),6,PT08.S2(NMHC)_lag6,0.0017501691546651108
NO2(GT),6,PT08.S2(NMHC)_lag12,0.0020013448973636365
NO2(GT),6,PT08.S2(NMHC)_lag24,0.002208110611963266
NO2(GT),6,PT08.S3(NOx)_lag1,0.003398598073968867
NO2(GT),6,PT08.S3(NOx)_lag6,0.003976624617116548
NO2(GT),6,PT08.S3(NOx)_lag12,0.0041628080776433376
NO2(GT),6,PT08.S3(NOx)_lag24,0.004622173650289409
NO2(GT),6,PT08.S4(NO2)_lag1,0.004365835297259885
NO2(GT),6,PT08.S4(NO2)_lag6,0.009997569307282286
NO2(GT),6,PT08.S4(NO2)_lag12,0.008324749026151766
NO2(GT),6,PT08.S4(NO2)_lag24,0.009581122088157604
NO2(GT),6,PT08.S5(O3)_lag1,0.0037983195726249406
NO2(GT),6,PT08.S5(O3)_lag6,0.0036217224824615867
NO2(GT),6,PT08.S5(O3)_lag12,0.004195224352851405
NO2(GT),6,PT08.S5(O3)_lag24,0.0036329824653490127
NO2(GT),6,CO(GT)_roll_mean_6h,0.006505881010433444
NO2(GT),6,CO(GT)_roll_std_6h,0.008836690930657002
NO2(GT),6,CO(GT)_roll_mean_24h,0.009682438872314942
NO2(GT),6,CO(GT)_roll_std_24h,0.009198521251269997
NO2(GT),6,C6H6(GT)_roll_mean_6h,0.004548653296428908
NO2(GT),6,C6H6(GT)_roll_std_6h,0.00389820452888284
NO2(GT),6,C6H6(GT)_roll_mean_24h,0.006952269006907446
NO2(GT),6,C6H6(GT)_roll_std_24h,0.007458003191323476
NO2(GT),6,NOx(GT)_roll_mean_6h,0.008588535945687361
NO2(GT),6,NOx(GT)_roll_std_6h,0.011955268282891564
NO2(GT),6,NOx(GT)_roll_mean_24h,0.006420842749797501
NO2(GT),6,NOx(GT)_roll_std_24h,0.04334771375412899
NO2(GT),6,NO2(GT)_roll_mean_6h,0.027741478604057
NO2(GT),6,NO2(GT)_roll_std_6h,0.03611941943440266
NO2(GT),6,NO2(GT)_roll_mean_24h,0.21079605706880566
NO2(GT),6,NO2(GT)_roll_std_24h,0.022039008842470634
CO(GT),12,PT08.S1(CO),0.006131536677954044
CO(GT),12,PT08.S2(NMHC),0.00407204100148796
CO(GT),12,PT08.S3(NOx),0.005580221631557504
CO(GT),12,PT08.S4(NO2),0.0049823961985471935
CO(GT),12,PT08.S5(O3),0.005930494617113321
CO(GT),12,T,0.0206277577941494
CO(GT),12,RH,0.019680934522359462
CO(GT),12,AH,0.013233391959523676
CO(GT),12,Hour,0.005470259396796455
CO(GT),12,Day,0.007542875696081283
CO(GT),12,Month,0.0020109244379262338
CO(GT),12,hour,0.005084454316413587
CO(GT),12,dayofweek,0.007092204261813145
CO(GT),12,month,0.0014324752942557932
CO(GT),12,is_weekend,0.006471738464975341
CO(GT),12,hour_sin,0.03514660103945247
CO(GT),12,hour_cos,0.013905053334721107
CO(GT),12,dow_sin,0.013403176461182926
CO(GT),12,dow_cos,0.003913474534436366
CO(GT),12,month_sin,0.002611556666913121
CO(GT),12,month_cos,0.0040716276600418705
CO(GT),12,CO(GT)_lag1,0.014443435731141686
CO(GT),12,CO(GT)_lag6,0.005801289464036151
CO(GT),12,CO(GT)_lag12,0.3481504255909039
CO(GT),12,CO(GT)_lag24,0.006230008740476852
CO(GT),12,C6H6(GT)_lag1,0.001832731167326907
CO(GT),12,C6H6(GT)_lag6,0.0019687101617950173
CO(GT),12,C6H6(GT)_lag12,0.005732839285608148
CO(GT),12,C6H6(GT)_lag24,0.001798053077263469
CO(GT),12,NOx(GT)_lag1,0.00841765922658704
CO(GT),12,NOx(GT)_lag6,0.006844990598192463
CO(GT),12,NOx(GT)_lag12,0.012782236709874481
CO(GT),12,NOx(GT)_lag24,0.007501122047913723
CO(GT),12,NO2(GT)_lag1,0.010501060338135115
CO(GT),12,NO2(GT)_lag6,0.00936550216491863
CO(GT),12,NO2(GT)_lag12,0.010575011026690744
CO(GT),12,NO2(GT)_lag24,0.00999482197403626
CO(GT),12,PT08.S1(CO)_lag1,0.004813950800332763
CO(GT),12,PT08.S1(CO)_lag6,0.005339803255791773
CO(GT),12,PT08.S1(CO)_lag12,0.011082218820363738
CO(GT),12,PT08.S1(CO)_lag24,0.004665411426747451
CO(GT),12,PT08.S2(NMHC)_lag1,0.0019773828577523338
CO(GT),12,PT08.S2(NMHC)_lag6,0.002818375813331055
CO(GT),12,PT08.S2(NMHC)_lag12,0.00966199506864287
CO(GT),12,PT08.S2(NMHC)_lag24,0.002399578014919177
CO(GT),12,PT08.S3(NOx)_lag1,0.0042063453243761165
CO(GT),12,PT08.S3(NOx)_lag6,0.006472557815610455
CO(GT),12,PT08.S3(NOx)_lag12,0.012926053004719006
CO(GT),12,PT08.S3(NOx)_lag24,0.007043635677790339
CO(GT),12,PT08.S4(NO2)_lag1,0.005123033613874422
CO(GT),12,PT08.S4(NO2)_lag6,0.007160459839520798
CO(GT),12,PT08.S4(NO2)_lag12,0.008586035468664566
CO(GT),12,PT08.S4(NO2)_lag24,0.009342551807923875
CO(GT),12,PT08.S5(O3)_lag1,0.00458025999978644
CO(GT),12,PT08.S5(O3)_lag6,0.005556331026008504
CO(GT),12,PT08.S5(O3)_lag12,0.02433373485998586
CO(GT),12,PT08.S5(O3)_lag24,0.006470580417035226
CO(GT),12,CO(GT)_roll_mean_6h,0.013560212111527019
CO(GT),12,CO(GT)_roll_std_6h,0.014511967208690291
CO(GT),12,CO(GT)_roll_mean_24h,0.015389297357712262
CO(GT),12,CO(GT)_roll_std_24h,0.014334044961212824
CO(GT),12,C6H6(GT)_roll_mean_6h,0.004636831853436269
CO(GT),12,C6H6(GT)_roll_std_6h,0.005393148449122336
CO(GT),12,C6H6(GT)_roll_mean_24h,0.010237174558434169
CO(GT),12,C6H6(GT)_roll_std_24h,0.01324985152246444
CO(GT),12,NOx(GT)_roll_mean_6h,0.007527417401306975
CO(GT),12,NOx(GT)_roll_std_6h,0.009251505328456661
CO(GT),12,NOx(GT)_roll_mean_24h,0.017930663976727605
CO(GT),12,NOx(GT)_roll_std_24h,0.027029915967331054
CO(GT),12,NO2(GT)_roll_mean_6h,0.008803601087556439
CO(GT),12,NO2(GT)_roll_std_6h,0.012059830295273606
CO(GT),12,NO2(GT)_roll_mean_24h,0.01921143212730457
CO(GT),12,NO2(GT)_roll_std_24h,0.01197771760766387
C6H6(GT),12,PT08.S1(CO),0.004846957513408698
C6H6(GT),12,PT08.S2(NMHC),0.007158779660748571
C6H6(GT),12,PT08.S3(NOx),0.0074143208309126706
C6H6(GT),12,PT08.S4(NO2),0.007647805780825766
C6H6(GT),12,PT08.S5(O3),0.008595096359458227
C6H6(GT),12,T,0.013678255306758638
C6H6(GT),12,RH,0.027058601790809038
C6H6(GT),12,AH,0.012144465899868924
C6H6(GT),12,Hour,0.01276939878999097
C6H6(GT),12,Day,0.024698897812357554
C6H6(GT),12,Month,0.0016817607479789611
C6H6(GT),12,hour,0.010632954807974408
C6H6(GT),12,dayofweek,0.028235475700072607
C6H6(GT),12,month,0.0013026464755663029
C6H6(GT),12,is_weekend,0.016351276658360146
C6H6(GT),12,hour_sin,0.031671444907652266
C6H6(GT),12,hour_cos,0.0332273176335703
C6H6(GT),12,dow_sin,0.024393313586683577
C6H6(GT),12,dow_cos,0.008442222218105254
C6H6(GT),12,month_sin,0.003215936676917451
C6H6(GT),12,month_cos,0.0022157507672208162
C6H6(GT),12,CO(GT)_lag1,0.003645489211443652
C6H6(GT),12,CO(GT)_lag6,0.005205654134416121
C6H6(GT),12,CO(GT)_lag12,0.011358656838038944
C6H6(GT),12,CO(GT)_lag24,0.004207229208695524
C6H6(GT),12,C6H6(GT)_lag1,0.0028322507292002
C6H6(GT),12,C6H6(GT)_lag6,0.0029779129714671247
C6H6(GT),12,C6H6(GT)_lag12,0.03987330273783603
C6H6(GT),12,C6H6(GT)_lag24,0.0021930669201267856
C6H6(GT),12,NOx(GT)_lag1,0.004889319673989067
C6H6(GT),12,NOx(GT)_lag6,0.005637051897635585
C6H6(GT),12,NOx(GT)_lag12,0.009650181481437665
C6H6(GT),12,NOx(GT)_lag24,0.006518337261763407
C6H6(GT),12,NO2(GT)_lag1,0.006887715043390247
C6H6(GT),12,NO2(GT)_lag6,0.005607329507089638
C6H6(GT),12,NO2(GT)_lag12,0.007922896112879012
C6H6(GT),12,NO2(GT)_lag24,0.007362588355378271
C6H6(GT),12,PT08.S1(CO)_lag1,0.003946046331912648
C6H6(GT),12,PT08.S1(CO)_lag6,0.004682480736356461
C6H6(GT),12,PT08.S1(CO)_lag12,0.006424815708588834
C6H6(GT),12,PT08.S1(CO)_lag24,0.004219740387734491
C6H6(GT),12,PT08.S2(NMHC)_lag1,0.004218930235663814
C6H6(GT),12,PT08.S2(NMHC)_lag6,0.003161987590366547
C6H6(GT),12,PT08.S2(NMHC)_lag12,0.32299517907583386
C6H6(GT),12,PT08.S2(NMHC)_lag24,0.0024755148968269055
C6H6(GT),12,PT08.S3(NOx)_lag1,0.004732207667510195
C6H6(GT),12,PT08.S3(NOx)_lag6,0.00603037131123238
C6H6(GT),12,PT08.S3(NOx)_lag12,0.015024816231681384
C6H6(GT),12,PT08.S3(NOx)_lag24,0.005896057281457131
C6H6(GT),12,PT08.S4(NO2)_lag1,0.006345169953045687
C6H6(GT),12,PT08.S4(NO2)_lag6,0.007068009995939492
C6H6(GT),12,PT08.S4(NO2)_lag12,0.008407355553557937
C6H6(GT),12,PT08.S4(NO2)_lag24,0.005762893807900892
C6H6(GT),12,PT08.S5(O3)_lag1,0.005815898284038984
C6H6(GT),12,PT08.S5(O3)_lag6,0.0053500494589728284
C6H6(GT),12,PT08.S5(O3)_lag12,0.013017568574695207
C6H6(GT),12,PT08.S5(O3)_lag24,0.006552681065069474
C6H6(GT),12,CO(GT)_roll_mean_6h,0.007237695708485354
C6H6(GT),12,CO(GT)_roll_std_6h,0.004567702722599129
C6H6(GT),12,CO(GT)_roll_mean_24h,0.008893604503439536
C6H6(GT),12,CO(GT)_roll_std_24h,0.009945980131565578
C6H6(GT),12,C6H6(GT)_roll_mean_6h,0.006072998184205282
C6H6(GT),12,C6H6(GT)_roll_std_6h,0.01134741695253835
C6H6(GT),12,C6H6(GT)_roll_mean_24h,0.009107175479670174
C6H6(GT),12,C6H6(GT)_roll_std_24h,0.01934718601719993
C6H6(GT),12,NOx(GT)_roll_mean_6h,0.005421386087309922
C6H6(GT),12,NOx(GT)_roll_std_6h,0.006359288419913953
C6H6(GT),12,NOx(GT)_roll_mean_24h,0.010174455467112249
C6H6(GT),12,NOx(GT)_roll_std_24h,0.008758546923976146
C6H6(GT),12,NO2(GT)_roll_mean_6h,0.007918154347119902
C6H6(GT),12,NO2(GT)_roll_std_6h,0.006863367864068486
C6H6(GT),12,NO2(GT)_roll_mean_24h,0.011107999970571134
C6H6(GT),12,NO2(GT)_roll_std_24h,0.010597605061811385
NOx(GT),12,PT08.S1(CO),0.00244730767780732
NOx(GT),12,PT08.S2(NMHC),0.002313845912472115
NOx(GT),12,PT08.S3(NOx),0.003213937446632764
NOx(GT),12,PT08.S4(NO2),0.002751233009163406
NOx(GT),12,PT08.S5(O3),0.003683598260159157
NOx(GT),12,T,0.037682194724631794
NOx(GT),12,RH,0.011399787353110476
NOx(GT),12,AH,0.014173097569566813
NOx(GT),12,Hour,0.005243997769583554
NOx(GT),12,Day,0.0032756702380666073
NOx(GT),12,Month,0.02860212467704116
NOx(GT),12,hour,0.005365035607926278
NOx(GT),12,dayofweek,0.003977385803852003
NOx(GT),12,month,0.03508652622683945
NOx(GT),12,is_weekend,0.0010377477858408443
NOx(GT),12,hour_sin,0.007906676102006351
NOx(GT),12,hour_cos,0.019156811346135276
NOx(GT),12,dow_sin,0.007432966926414896
NOx(GT),12,dow_cos,0.0031251522366496434
NOx(GT),12,month_sin,0.0015975360175849171
NOx(GT),12,month_cos,0.002700975526098966
NOx(GT),12,CO(GT)_lag1,0.0030434233123590344
NOx(GT),12,CO(GT)_lag6,0.00490792890869731
NOx(GT),12,CO(GT)_lag12,0.0070758772843417615
NOx(GT),12,CO(GT)_lag24,0.00399368577712395
NOx(GT),12,C6H6(GT)_lag1,0.000991987856003219
NOx(GT),12,C6H6(GT)_lag6,0.0012581967370568117
NOx(GT),12,C6H6(GT)_lag12,0.0032081145257910823
NOx(GT),12,C6H6(GT)_lag24,0.000899465811115443
NOx(GT),12,NOx(GT)_lag1,0.006469537758570879
NOx(GT),12,NOx(GT)_lag6,0.004557174366534837
NOx(GT),12,NOx(GT)_lag12,0.4371429342107548
NOx(GT),12,NOx(GT)_lag24,0.0049764525713013735
NOx(GT),12,NO2(GT)_lag1,0.006278248273352571
NOx(GT),12,NO2(GT)_lag6,0.004070863095604588
NOx(GT),12,NO2(GT)_lag12,0.006421980315884925
NOx(GT),12,NO2(GT)_lag24,0.008396446954746983
NOx(GT),12,PT08.S1(CO)_lag1,0.0017745541140259762
NOx(GT),12,PT08.S1(CO)_lag6,0.0030231121994486946
NOx(GT),12,PT08.S1(CO)_lag12,0.005567974810796138
NOx(GT),12,PT08.S1(CO)_lag24,0.003369984273180495
NOx(GT),12,PT08.S2(NMHC)_lag1,0.0012476650642305152
NOx(GT),12,PT08.S2(NMHC)_lag6,0.0015564165726936253
NOx(GT),12,PT08.S2(NMHC)_lag12,0.005475226849186649
NOx(GT),12,PT08.S2(NMHC)_lag24,0.0012318552460156107
NOx(GT),12,PT08.S3(NOx)_lag1,0.002036258951481243
NOx(GT),12,PT08.S3(NOx)_lag6,0.004535187575957278
NOx(GT),12,PT08.S3(NOx)_lag12,0.006254893637850118
NOx(GT),12,PT08.S3(NOx)_lag24,0.00402149156510438
NOx(GT),12,PT08.S4(NO2)_lag1,0.0023571568904532654
NOx(GT),12,PT08.S4(NO2)_lag6,0.002404911247057502
NOx(GT),12,PT08.S4(NO2)_lag12,0.004738910786425731
NOx(GT),12,PT08.S4(NO2)_lag24,0.004166260614061739
NOx(GT),12,PT08.S5(O3)_lag1,0.0027196942547882616
NOx(GT),12,PT08.S5(O3)_lag6,0.003980006109011354
NOx(GT),12,PT08.S5(O3)_lag12,0.011746105914168607
NOx(GT),12,PT08.S5(O3)_lag24,0.00314624764399981
NOx(GT),12,CO(GT)_roll_mean_6h,0.005110681428305528
NOx(GT),12,CO(GT)_roll_std_6h,0.006565737526963757
NOx(GT),12,CO(GT)_roll_mean_24h,0.020977387698171517
NOx(GT),12,CO(GT)_roll_std_24h,0.012746648515051324
NOx(GT),12,C6H6(GT)_roll_mean_6h,0.0029655797123520596
NOx(GT),12,C6H6(GT)_roll_std_6h,0.005082455304310775
NOx(GT),12,C6H6(GT)_roll_mean_24h,0.012170890002855716
NOx(GT),12,C6H6(GT)_roll_std_24h,0.010928548309652373
NOx(GT),12,NOx(GT)_roll_mean_6h,0.009705026737297862
NOx(GT),12,NOx(GT)_roll_std_6h,0.010366067165187318
NOx(GT),12,NOx(GT)_roll_mean_24h,0.008279171244457631
NOx(GT),12,NOx(GT)_roll_std_24h,0.073320535144157
NOx(GT),12,NO2(GT)_roll_mean_6h,0.009285265187990136
NOx(GT),12,NO2(GT)_roll_std_6h,0.00841425084858539
NOx(GT),12,NO2(GT)_roll_mean_24h,0.010646158727659415
NOx(GT),12,NO2(GT)_roll_std_24h,0.012215756150241838
NO2(GT),12,PT08.S1(CO),0.004405258190642245
NO2(GT),12,PT08.S2(NMHC),0.0037992180374243185
NO2(GT),12,PT08.S3(NOx),0.004366621933115771
NO2(GT),12,PT08.S4(NO2),0.0061617775161819125
NO2(GT),12,PT08.S5(O3),0.005242360828653816
NO2(GT),12,T,0.021978586771833203
NO2(GT),12,RH,0.010334753304277093
NO2(GT),12,AH,0.03058360863253944
NO2(GT),12,Hour,0.01402302778818102
NO2(GT),12,Day,0.0060493932038958665
NO2(GT),12,Month,0.0017438047607503133
NO2(GT),12,hour,0.012731521177968757
NO2(GT),12,dayofweek,0.0063723109613340705
NO2(GT),12,month,0.0017623118713300564
NO2(GT),12,is_weekend,0.0033802129089502
NO2(GT),12,hour_sin,0.03347386023275221
NO2(GT),12,hour_cos,0.020224732938786377
NO2(GT),12,dow_sin,0.023405103827961852
NO2(GT),12,dow_cos,0.0027023494350948735
NO2(GT),12,month_sin,0.004554419474817522
NO2(GT),12,month_cos,0.004023299118883154
NO2(GT),12,CO(GT)_lag1,0.004779440934733115
NO2(GT),12,CO(GT)_lag6,0.004519897176768124
NO2(GT),12,CO(GT)_lag12,0.006902213796465061
NO2(GT),12,CO(GT)_lag24,0.004482395602771867
NO2(GT),12,C6H6(GT)_lag1,0.0012780776660589052
NO2(GT),12,C6H6(GT)_lag6,0.001826395542608992
NO2(GT),12,C6H6(GT)_lag12,0.002751363663193454
NO2(GT),12,C6H6(GT)_lag24,0.0017844739281173692
NO2(GT),12,NOx(GT)_lag1,0.01178008698807217
NO2(GT),12,NOx(GT)_lag6,0.006792087489169302
NO2(GT),12,NOx(GT)_lag12,0.00950715720759971
NO2(GT),12,NOx(GT)_lag24,0.005238967189943741
NO2(GT),12,NO2(GT)_lag1,0.00992384280201577
NO2(GT),12,NO2(GT)_lag6,0.007077849121659815
NO2(GT),12,NO2(GT)_lag12,0.3977597322613519
NO2(GT),12,NO2(GT)_lag24,0.006392648217407544
NO2(GT),12,PT08.S1(CO)_lag1,0.003912162417300834
NO2(GT),12,PT08.S1(CO)_lag6,0.0044426813094342685
NO2(GT),12,PT08.S1(CO)_lag12,0.007308766652833893
NO2(GT),12,PT08.S1(CO)_lag24,0.0043645950304204255
NO2(GT),12,PT08.S2(NMHC)_lag1,0.001726430859141063
NO2(GT),12,PT08.S2(NMHC)_lag6,0.0022432197210846515
NO2(GT),12,PT08.S2(NMHC)_lag12,0.003478136021750271
NO2(GT),12,PT08.S2(NMHC)_lag24,0.0022152749727631753
NO2(GT),12,PT08.S3(NOx)_lag1,0.004134931463089822
NO2(GT),12,PT08.S3(NOx)_lag6,0.0049852863916829025
NO2(GT),12,PT08.S3(NOx)_lag12,0.005851100722460507
NO2(GT),12,PT08.S3(NOx)_lag24,0.004230997300008405
NO2(GT),12,PT08.S4(NO2)_lag1,0.006517133627444922
NO2(GT),12,PT08.S4(NO2)_lag6,0.006449565789983617
NO2(GT),12,PT08.S4(NO2)_lag12,0.008998359532381895
NO2(GT),12,PT08.S4(NO2)_lag24,0.016025140463814855
NO2(GT),12,PT08.S5(O3)_lag1,0.004631743821732986
NO2(GT),12,PT08.S5(O3)_lag6,0.0052635759080646985
NO2(GT),12,PT08.S5(O3)_lag12,0.0065576158699827605
NO2(GT),12,PT08.S5(O3)_lag24,0.005323065022588295
NO2(GT),12,CO(GT)_roll_mean_6h,0.007539773189773242
NO2(GT),12,CO(GT)_roll_std_6h,0.008056337218173937
NO2(GT),12,CO(GT)_roll_mean_24h,0.01341631287888724
NO2(GT),12,CO(GT)_roll_std_24h,0.009191212357002248
NO2(GT),12,C6H6(GT)_roll_mean_6h,0.004226511405027596
NO2(GT),12,C6H6(GT)_roll_std_6h,0.005748750031056427
NO2(GT),12,C6H6(GT)_roll_mean_24h,0.00784540290482939
NO2(GT),12,C6H6(GT)_roll_std_24h,0.010308563877823291
NO2(GT),12,NOx(GT)_roll_mean_6h,0.010929428718816643
NO2(GT),12,NOx(GT)_roll_std_6h,0.011487841521872598
NO2(GT),12,NOx(GT)_roll_mean_24h,0.008875358049306618
NO2(GT),12,NOx(GT)_roll_std_24h,0.012362203155971445
NO2(GT),12,NO2(GT)_roll_mean_6h,0.01135846927315498
NO2(GT),12,NO2(GT)_roll_std_6h,0.02076958199027171
NO2(GT),12,NO2(GT)_roll_mean_24h,0.015342060688369826
NO2(GT),12,NO2(GT)_roll_std_24h,0.029767247338387634
CO(GT),24,PT08.S1(CO),0.011484250081182711
CO(GT),24,PT08.S2(NMHC),0.04451796239995508
CO(GT),24,PT08.S3(NOx),0.014409867853616228
CO(GT),24,PT08.S4(NO2),0.0070388864038346734
CO(GT),24,PT08.S5(O3),0.02628287387868865
CO(GT),24,T,0.015422809031606309
CO(GT),24,RH,0.009627611066458597
CO(GT),24,AH,0.023946690457030104
CO(GT),24,Hour,0.032675884382906834
CO(GT),24,Day,0.009699216754156328
CO(GT),24,Month,0.0012699865857571293
CO(GT),24,hour,0.03279172207030702
CO(GT),24,dayofweek,0.008791847857378224
CO(GT),24,month,0.0013609351541199102
CO(GT),24,is_weekend,0.00039432284616486675
CO(GT),24,hour_sin,0.030311785985986987
CO(GT),24,hour_cos,0.0044104976193586574
CO(GT),24,dow_sin,0.021937308731155312
CO(GT),24,dow_cos,0.005716898625299642
CO(GT),24,month_sin,0.0029657637998090963
CO(GT),24,month_cos,0.0054003813652209265
CO(GT),24,CO(GT)_lag1,0.2450686979691237
CO(GT),24,CO(GT)_lag6,0.003968006117551075
CO(GT),24,CO(GT)_lag12,0.004937723222559847
CO(GT),24,CO(GT)_lag24,0.010657384427325311
CO(GT),24,C6H6(GT)_lag1,0.002451689062720072
CO(GT),24,C6H6(GT)_lag6,0.002152147871205719
CO(GT),24,C6H6(GT)_lag12,0.0020065629650114097
CO(GT),24,C6H6(GT)_lag24,0.004890603978488406
CO(GT),24,NOx(GT)_lag1,0.014722156803341463
CO(GT),24,NOx(GT)_lag6,0.005933628102612573
CO(GT),24,NOx(GT)_lag12,0.005826858362689184
CO(GT),24,NOx(GT)_lag24,0.021433066078131467
CO(GT),24,NO2(GT)_lag1,0.009920423120699217
CO(GT),24,NO2(GT)_lag6,0.01167076914706775
CO(GT),24,NO2(GT)_lag12,0.009121641779774141
CO(GT),24,NO2(GT)_lag24,0.008351379805867
CO(GT),24,PT08.S1(CO)_lag1,0.0057644019827639975
CO(GT),24,PT08.S1(CO)_lag6,0.00401082815398275
CO(GT),24,PT08.S1(CO)_lag12,0.004688613591137991
CO(GT),24,PT08.S1(CO)_lag24,0.007379707258251546
CO(GT),24,PT08.S2(NMHC)_lag1,0.0037350704949124713
CO(GT),24,PT08.S2(NMHC)_lag6,0.0028471684722765687
CO(GT),24,PT08.S2(NMHC)_lag12,0.002320849733931908
CO(GT),24,PT08.S2(NMHC)_lag24,0.006161268592338867
CO(GT),24,PT08.S3(NOx)_lag1,0.006177690595283432
CO(GT),24,PT08.S3(NOx)_lag6,0.005002818755212837
CO(GT),24,PT08.S3(NOx)_lag12,0.0057384490665437155
CO(GT),24,PT08.S3(NOx)_lag24,0.007268986558266413
CO(GT),24,PT08.S4(NO2)_lag1,0.005897992202977972
CO(GT),24,PT08.S4(NO2)_lag6,0.007330564784408085
CO(GT),24,PT08.S4(NO2)_lag12,0.009981692349194644
CO(GT),24,PT08.S4(NO2)_lag24,0.008911148346285033
CO(GT),24,PT08.S5(O3)_lag1,0.005702414002336913
CO(GT),24,PT08.S5(O3)_lag6,0.005064753600531507
CO(GT),24,PT08.S5(O3)_lag12,0.005074090720609881
CO(GT),24,PT08.S5(O3)_lag24,0.0070572192918327255
CO(GT),24,CO(GT)_roll_mean_6h,0.008867601599532498
CO(GT),24,CO(GT)_roll_std_6h,0.02318927164787318
CO(GT),24,CO(GT)_roll_mean_24h,0.009222549832621925
CO(GT),24,CO(GT)_roll_std_24h,0.011296861243810935
CO(GT),24,C6H6(GT)_roll_mean_6h,0.00706868145531248
CO(GT),24,C6H6(GT)_roll_std_6h,0.009981815382631966
CO(GT),24,C6H6(GT)_roll_mean_24h,0.008978028878917254
CO(GT),24,C6H6(GT)_roll_std_24h,0.014061053833474299
CO(GT),24,NOx(GT)_roll_mean_6h,0.0075394573244993495
CO(GT),24,NOx(GT)_roll_std_6h,0.013260285568505533
CO(GT),24,NOx(GT)_roll_mean_24h,0.009628214592155205
CO(GT),24,NOx(GT)_roll_std_24h,0.03216270459396584
CO(GT),24,NO2(GT)_roll_mean_6h,0.01490238869595321
CO(GT),24,NO2(GT)_roll_std_6h,0.011863750326911043
CO(GT),24,NO2(GT)_roll_mean_24h,0.015548365097788378
CO(GT),24,NO2(GT)_roll_std_24h,0.012742999608806121
C6H6(GT),24,PT08.S1(CO),0.0061029048646046285
C6H6(GT),24,PT08.S2(NMHC),0.32525332946414737
C6H6(GT),24,PT08.S3(NOx),0.012645376343144863
C6H6(GT),24,PT08.S4(NO2),0.008870572333089877
C6H6(GT),24,PT08.S5(O3),0.019447799572523378
C6H6(GT),24,T,0.009660315316002067
C6H6(GT),24,RH,0.014497995496710499
C6H6(GT),24,AH,0.013780212442942027
C6H6(GT),24,Hour,0.04758064464379689
C6H6(GT),24,Day,0.024763645161667375
C6H6(GT),24,Month,0.001872474712869728
C6H6(GT),24,hour,0.04525238105078131
C6H6(GT),24,dayofweek,0.023614533687963013
C6H6(GT),24,month,0.001786838165463889
C6H6(GT),24,is_weekend,0.0014557791847699547
C6H6(GT),24,hour_sin,0.01356379009803226
C6H6(GT),24,hour_cos,0.012995049397064959
C6H6(GT),24,dow_sin,0.048054151901585435
C6H6(GT),24,dow_cos,0.021762017390453033
C6H6(GT),24,month_sin,0.0041719724918855014
C6H6(GT),24,month_cos,0.0044958165127143394
C6H6(GT),24,CO(GT)_lag1,0.00571402704550985
C6H6(GT),24,CO(GT)_lag6,0.0034259316589352632
C6H6(GT),24,CO(GT)_lag12,0.003752167324519153
C6H6(GT),24,CO(GT)_lag24,0.01315153574518469
C6H6(GT),24,C6H6(GT)_lag1,0.002842438090773202
C6H6(GT),24,C6H6(GT)_lag6,0.002228882391388731
C6H6(GT),24,C6H6(GT)_lag12,0.002230148969764117
C6H6(GT),24,C6H6(GT)_lag24,0.006847721728117947
C6H6(GT),24,NOx(GT)_lag1,0.006090173211333306
C6H6(GT),24,NOx(GT)_lag6,0.0041321555738222
C6H6(GT),24,NOx(GT)_lag12,0.005049936237972749
C6H6(GT),24,NOx(GT)_lag24,0.014545829189539361
C6H6(GT),24,NO2(GT)_lag1,0.004773045040695945
C6H6(GT),24,NO2(GT)_lag6,0.005239845051348559
C6H6(GT),24,NO2(GT)_lag12,0.005903131706949686
C6H6(GT),24,NO2(GT)_lag24,0.01196422582312164
C6H6(GT),24,PT08.S1(CO)_lag1,0.004409259170011694
C6H6(GT),24,PT08.S1(CO)_lag6,0.00588799025770197
C6H6(GT),24,PT08.S1(CO)_lag12,0.004010603181150888
C6H6(GT),24,PT08.S1(CO)_lag24,0.006200022579063477
C6H6(GT),24,PT08.S2(NMHC)_lag1,0.00391325165982695
C6H6(GT),24,PT08.S2(NMHC)_lag6,0.003303201847654518
C6H6(GT),24,PT08.S2(NMHC)_lag12,0.002572950301433277
C6H6(GT),24,PT08.S2(NMHC)_lag24,0.00960277348371045
C6H6(GT),24,PT08.S3(NOx)_lag1,0.004588222634137873
C6H6(GT),24,PT08.S3(NOx)_lag6,0.005447640789566356
C6H6(GT),24,PT08.S3(NOx)_lag12,0.005058810423451917
C6H6(GT),24,PT08.S3(NOx)_lag24,0.006125591784155841
C6H6(GT),24,PT08.S4(NO2)_lag1,0.005300440067262672
C6H6(GT),24,PT08.S4(NO2)_lag6,0.005961486655021808
C6H6(GT),24,PT08.S4(NO2)_lag12,0.00536709745542832
C6H6(GT),24,PT08.S4(NO2)_lag24,0.00733500953146003
C6H6(GT),24,PT08.S5(O3)_lag1,0.005394844881267825
C6H6(GT),24,PT08.S5(O3)_lag6,0.004765198282875882
C6H6(GT),24,PT08.S5(O3)_lag12,0.005684275504281935
C6H6(GT),24,PT08.S5(O3)_lag24,0.006609129348405413
C6H6(GT),24,CO(GT)_roll_mean_6h,0.0069948028098563795
C6H6(GT),24,CO(GT)_roll_std_6h,0.005440289091399425
C6H6(GT),24,CO(GT)_roll_mean_24h,0.0073587940779541745
C6H6(GT),24,CO(GT)_roll_std_24h,0.00653181281008086
C6H6(GT),24,C6H6(GT)_roll_mean_6h,0.009010539324510534
C6H6(GT),24,C6H6(GT)_roll_std_6h,0.008513164522513317
C6H6(GT),24,C6H6(GT)_roll_mean_24h,0.0091850908158839
C6H6(GT),24,C6H6(GT)_roll_std_24h,0.015297735869255341
C6H6(GT),24,NOx(GT)_roll_mean_6h,0.00542139843293487
C6H6(GT),24,NOx(GT)_roll_std_6h,0.006246074751542234
C6H6(GT),24,NOx(GT)_roll_mean_24h,0.009494498820766806
C6H6(GT),24,NOx(GT)_roll_std_24h,0.008457053914069982
C6H6(GT),24,NO2(GT)_roll_mean_6h,0.006068098187822412
C6H6(GT),24,NO2(GT)_roll_std_6h,0.007903659031581963
C6H6(GT),24,NO2(GT)_roll_mean_24h,0.012836934304953944
C6H6(GT),24,NO2(GT)_roll_std_24h,0.008183458375815812
NOx(GT),24,PT08.S1(CO),0.006704587736446161
NOx(GT),24,PT08.S2(NMHC),0.015767108320579173
NOx(GT),24,PT08.S3(NOx),0.006520243782024065
NOx(GT),24,PT08.S4(NO2),0.004938044111993459
NOx(GT),24,PT08.S5(O3),0.012416257536852847
NOx(GT),24,T,0.008643195031458415
NOx(GT),24,RH,0.00834977631276105
NOx(GT),24,AH,0.02645880727310044
NOx(GT),24,Hour,0.04291243037389403
NOx(GT),24,Day,0.00311461391868234
NOx(GT),24,Month,0.15196753028993087
NOx(GT),24,hour,0.03709734195182624
NOx(GT),24,dayofweek,0.0029364215265778744
NOx(GT),24,month,0.15359037228095682
NOx(GT),24,is_weekend,0.0004182018085779544
NOx(GT),24,hour_sin,0.006273174297331272
NOx(GT),24,hour_cos,0.006427703548375644
NOx(GT),24,dow_sin,0.016640018509988957
NOx(GT),24,dow_cos,0.004558557003222364
NOx(GT),24,month_sin,0.0016296350353810082
NOx(GT),24,month_cos,0.0021452440514863206
NOx(GT),24,CO(GT)_lag1,0.003891082771253136
NOx(GT),24,CO(GT)_lag6,0.004232061217638637
NOx(GT),24,CO(GT)_lag12,0.011124848336822523
NOx(GT),24,CO(GT)_lag24,0.006651776107622402
NOx(GT),24,C6H6(GT)_lag1,0.0024045240857019255
NOx(GT),24,C6H6(GT)_lag6,0.0013855343981371583
NOx(GT),24,C6H6(GT)_lag12,0.0012159897877048857
NOx(GT),24,C6H6(GT)_lag24,0.0028368931728245126
NOx(GT),24,NOx(GT)_lag1,0.1347332316655986
NOx(GT),24,NOx(GT)_lag6,0.004941086715786747
NOx(GT),24,NOx(GT)_lag12,0.004130117543018193
NOx(GT),24,NOx(GT)_lag24,0.013464547248781475
NOx(GT),24,NO2(GT)_lag1,0.007520410497850522
NOx(GT),24,NO2(GT)_lag6,0.005902340234046457
NOx(GT),24,NO2(GT)_lag12,0.005376313184882529
NOx(GT),24,NO2(GT)_lag24,0.009001312119867266
NOx(GT),24,PT08.S1(CO)_lag1,0.0027335999901096373
NOx(GT),24,PT08.S1(CO)_lag6,0.002350435432082599
NOx(GT),24,PT08.S1(CO)_lag12,0.0027120211629525883
NOx(GT),24,PT08.S1(CO)_lag24,0.003910336325229676
NOx(GT),24,PT08.S2(NMHC)_lag1,0.0022359182624215107
NOx(GT),24,PT08.S2(NMHC)_lag6,0.0017316701308878767
NOx(GT),24,PT08.S2(NMHC)_lag12,0.0014152079701650476
NOx(GT),24,PT08.S2(NMHC)_lag24,0.0031707490783704265
NOx(GT),24,PT08.S3(NOx)_lag1,0.004343331012717014
NOx(GT),24,PT08.S3(NOx)_lag6,0.00425639082801864
NOx(GT),24,PT08.S3(NOx)_lag12,0.004162746679852338
NOx(GT),24,PT08.S3(NOx)_lag24,0.005835467284523086
NOx(GT),24,PT08.S4(NO2)_lag1,0.0035574004666357765
NOx(GT),24,PT08.S4(NO2)_lag6,0.0047832893387247276
NOx(GT),24,PT08.S4(NO2)_lag12,0.009081512626085092
NOx(GT),24,PT08.S4(NO2)_lag24,0.004926779893761297
NOx(GT),24,PT08.S5(O3)_lag1,0.0029415948696254915
NOx(GT),24,PT08.S5(O3)_lag6,0.004080903220078924
NOx(GT),24,PT08.S5(O3)_lag12,0.003191695131001073
NOx(GT),24,PT08.S5(O3)_lag24,0.004975677253313833
NOx(GT),24,CO(GT)_roll_mean_6h,0.0061028536929597
NOx(GT),24,CO(GT)_roll_std_6h,0.008707664339246508
NOx(GT),24,CO(GT)_roll_mean_24h,0.011327407033162188
NOx(GT),24,CO(GT)_roll_std_24h,0.010801254725270722
NOx(GT),24,C6H6(GT)_roll_mean_6h,0.003969538695562914
NOx(GT),24,C6H6(GT)_roll_std_6h,0.004903968862336012
NOx(GT),24,C6H6(GT)_roll_mean_24h,0.009742710788868047
NOx(GT),24,C6H6(GT)_roll_std_24h,0.010949104176831398
NOx(GT),24,NOx(GT)_roll_mean_6h,0.005848196331351268
NOx(GT),24,NOx(GT)_roll_std_6h,0.00817846383678146
NOx(GT),24,NOx(GT)_roll_mean_24h,0.009673519422041973
NOx(GT),24,NOx(GT)_roll_std_24h,0.03371792323614809
NOx(GT),24,NO2(GT)_roll_mean_6h,0.004769432927270055
NOx(GT),24,NO2(GT)_roll_std_6h,0.01791379230477195
NOx(GT),24,NO2(GT)_roll_mean_24h,0.02911502203847946
NOx(GT),24,NO2(GT)_roll_std_24h,0.009561086843377356
NO2(GT),24,PT08.S1(CO),0.006504550075326779
NO2(GT),24,PT08.S2(NMHC),0.00940394992317003
NO2(GT),24,PT08.S3(NOx),0.005443966550980708
NO2(GT),24,PT08.S4(NO2),0.005449675793331028
NO2(GT),24,PT08.S5(O3),0.0062631464809852965
NO2(GT),24,T,0.012443517814042399
NO2(GT),24,RH,0.014555921776589105
NO2(GT),24,AH,0.03400956265093209
NO2(GT),24,Hour,0.04151378436399292
NO2(GT),24,Day,0.006812987517153569
NO2(GT),24,Month,0.0013741809186696736
NO2(GT),24,hour,0.04311573063833923
NO2(GT),24,dayofweek,0.007073681171772513
NO2(GT),24,month,0.0016207049983182596
NO2(GT),24,is_weekend,0.0003895210746886192
NO2(GT),24,hour_sin,0.008859124315880235
NO2(GT),24,hour_cos,0.00583499326807677
NO2(GT),24,dow_sin,0.02949989192385091
NO2(GT),24,dow_cos,0.0030764025839192075
NO2(GT),24,month_sin,0.006244858699148927
NO2(GT),24,month_cos,0.008541189417734985
NO2(GT),24,CO(GT)_lag1,0.006278949757586513
NO2(GT),24,CO(GT)_lag6,0.004317655950420459
NO2(GT),24,CO(GT)_lag12,0.004365403595434773
NO2(GT),24,CO(GT)_lag24,0.008273191638826508
NO2(GT),24,C6H6(GT)_lag1,0.0022365553605359113
NO2(GT),24,C6H6(GT)_lag6,0.0015895639089829358
NO2(GT),24,C6H6(GT)_lag12,0.0017054174424240554
NO2(GT),24,C6H6(GT)_lag24,0.002845744120022028
NO2(GT),24,NOx(GT)_lag1,0.01628918874649898
NO2(GT),24,NOx(GT)_lag6,0.005235377648072854
NO2(GT),24,NOx(GT)_lag12,0.005755821451934068
NO2(GT),24,NOx(GT)_lag24,0.014648334222196954
NO2(GT),24,NO2(GT)_lag1,0.3474995748434152
NO2(GT),24,NO2(GT)_lag6,0.006498095665162843
NO2(GT),24,NO2(GT)_lag12,0.0065018215429063515
NO2(GT),24,NO2(GT)_lag24,0.019272400617477967
NO2(GT),24,PT08.S1(CO)_lag1,0.005346777550683363
NO2(GT),24,PT08.S1(CO)_lag6,0.004127226325189846
NO2(GT),24,PT08.S1(CO)_lag12,0.004894856076713274
NO2(GT),24,PT08.S1(CO)_lag24,0.005336044553896346
NO2(GT),24,PT08.S2(NMHC)_lag1,0.0030392980179182703
NO2(GT),24,PT08.S2(NMHC)_lag6,0.0020446337875206252
NO2(GT),24,PT08.S2(NMHC)_lag12,0.0020044201684705143
NO2(GT),24,PT08.S2(NMHC)_lag24,0.003223117681988664
NO2(GT),24,PT08.S3(NOx)_lag1,0.004788597830056839
NO2(GT),24,PT08.S3(NOx)_lag6,0.00470939058671382
NO2(GT),24,PT08.S3(NOx)_lag12,0.00453262211211967
NO2(GT),24,PT08.S3(NOx)_lag24,0.004824875850314387
NO2(GT),24,PT08.S4(NO2)_lag1,0.0077930758472890115
NO2(GT),24,PT08.S4(NO2)_lag6,0.014848455231728631
NO2(GT),24,PT08.S4(NO2)_lag12,0.02108787292378251
NO2(GT),24,PT08.S4(NO2)_lag24,0.008437969251544043
NO2(GT),24,PT08.S5(O3)_lag1,0.004227315141612238
NO2(GT),24,PT08.S5(O3)_lag6,0.0038188646462931474
NO2(GT),24,PT08.S5(O3)_lag12,0.005531463942072501
NO2(GT),24,PT08.S5(O3)_lag24,0.006120105681817964
NO2(GT),24,CO(GT)_roll_mean_6h,0.008123409333018753
NO2(GT),24,CO(GT)_roll_std_6h,0.008744832399341507
NO2(GT),24,CO(GT)_roll_mean_24h,0.012847106764025389
NO2(GT),24,CO(GT)_roll_std_24h,0.013045210561070626
NO2(GT),24,C6H6(GT)_roll_mean_6h,0.005547252124414136
NO2(GT),24,C6H6(GT)_roll_std_6h,0.00577140449600743
NO2(GT),24,C6H6(GT)_roll_mean_24h,0.008836980386871472
NO2(GT),24,C6H6(GT)_roll_std_24h,0.011893875886291453
NO2(GT),24,NOx(GT)_roll_mean_6h,0.010222041790361975
NO2(GT),24,NOx(GT)_roll_std_6h,0.009819725181175798
NO2(GT),24,NOx(GT)_roll_mean_24h,0.00883609988419592
NO2(GT),24,NOx(GT)_roll_std_24h,0.013631194613685768
NO2(GT),24,NO2(GT)_roll_mean_6h,0.007910420142839698
NO2(GT),24,NO2(GT)_roll_std_6h,0.014024074799814672
NO2(GT),24,NO2(GT)_roll_mean_24h,0.015422005370300505
NO2(GT),24,NO2(GT)_roll_std_24h,0.013242944590057655
